Source;Target;Weight;Type
10.0.0.4;10.0.0.5;47.619048;Directed
10.0.0.4;10.0.0.2;35.714286;Directed
10.0.0.3;10.0.0.4;32.258065;Directed
10.0.0.3;10.0.0.1;43.478261;Directed
10.0.0.6;10.0.0.1;21.739130;Directed
10.0.0.6;10.0.0.4;24.390244;Directed
10.0.0.5;10.0.0.6;19.607843;Directed
10.0.0.5;10.0.0.3;27.777778;Directed
10.0.0.2;10.0.0.3;38.461538;Directed
10.0.0.2;10.0.0.5;52.631579;Directed
10.0.0.1;10.0.0.2;90.909091;Directed
